Name,Gender,Initials
SAHRUDAY,0,SAHR
SAHUNTHAN,0,SAHU
SAIAMARTYA,0,SAIA
SAICHARAN,0,SAIC
SAID,0,SAID
SAYYID,0,SAYY
SAIGANESH,0,SAIG
SAIJEEVADHARA,0,SAIJ
SAIKALAKALA,0,SAIK
SAILADEV,0,SAIL
SAINATH,0,SAIN
SAIPRASAD,0,SAIP
SAIRAM,0,SAIR
SAISATHYAN,0,SAIS
SAIVI,0,SAIV
SAJAL,0,SAJA
SAJEESH,0,SAJE
SAJIB,0,SAJI
SAJJAN,0,SAJJ
SAKAL,0,SAKA
SAKET,0,SAKE
SAKHA,0,SAKH
SAKSHAIN,0,SAKS
SAKTHIBALAGAN,0,SAKT
SAKYASINHA,0,SAKY
SALAJ,0,SALA
SALIJ,0,SALI
SALOKH,0,SALO
SAMAAH,0,SAMA
SAMBA,0,SAMB
SAMDARSHI,0,SAMD
SAMEDH,0,SAME
SAMIR,0,SAMI
SAMGRAM,0,SAMG
SAMHIT,0,SAMH
SAMMAD,0,SAMM
SAMPAD,0,SAMP
SAMRAT,0,SAMR
SAMSKAR,0,SAMS
SAMUDRA,0,SAMU
SAMVAR,0,SAMV
SAMYAK,0,SAMY
SAN,0,SAN
SANA,0,SANA
SANCHAY,0,SANC
SANDANANDA,0,SAND
SANEESH,0,SANE
SANGAM,0,SANG
SANHATA,0,SANH
SANIL,0,SANI
SANJ,0,SANJ
SANK,0,SANK
SANMIT,0,SANM
SANNATH,0,SANN
SANOJ,0,SANO
SANRAJ,0,SANR
SANSAR,0,SANS
SANT,0,SANT
SANURAG,0,SANU
SANWAR,0,SANW
SANYAM,0,SANY
SAPAN,0,SAPA
SAPHAL,0,SAPH
SAPRATHAS,0,SAPR
SAPTAJIT,0,SAPT
SAR,0,SAR
SARAASANA,0,SARA
SARBA,0,SARB
SARENDAR,0,SARE
SARGAM,0,SARG
SARIK,0,SARI
SARJAN,0,SARJ
SARMAN,0,SARM
SARNAVO,0,SARN
SAROJ,0,SARO
SARRVESH,0,SARR
SARTAJ,0,SART
SARUH,0,SARU
SARVA,0,SARV
SARWAR,0,SARW
SASANG,0,SASA
SASHANG,0,SASH
SASI,0,SASI
SASMIT,0,SASM
SASTA,0,SAST
SASWATH,0,SASW
SAT,0,SAT
SATADEV,0,SATA
SATCHIDANAND,0,SATC
SATEENDRA,0,SATE
SATHA,0,SATH
SATIN,0,SATI
SATKAR,0,SATK
SATMANYU,0,SATM
SATPAL,0,SATP
SATRAJIT,0,SATR
SATVAMOHAN,0,SATV
SATWIK,0,SATW
SATYA,0,SATY
SAUBAL,0,SAUB
