Name,Gender,Initials
AGALYAKARAN,0,AGAL
AGEESAN,0,AGEE
AGERTHIYEN,0,AGER
AGESH,0,AGES
AGGASSH,0,AGGA
AGHILAN,0,AGHI
AGIMSAN,0,AGIM
AHASH,0,AHAS
AHATHIYAN,0,AHAT
AHEERTHAN,0,AHEE
AHELAN,0,AHEL
AHENDRA,0,AHEN
AHISHAYAN,0,AHIS
AHKILESH,0,AHKI
AHOBALARAAV,0,AHOB
AHSHAYAN,0,AHSH
AHUSHGAN,0,AHUS
AIMMUKAN,0,AIMM
AINGARAN,0,AING
AINKARAN,0,AINK
AIRISH,0,AIRI
AISVARYAN,0,AISV
AISWARAJAN,0,AISW
AITHIEESH,0,AITH
AIVANNAN,0,AIVA
AIYSHAN,0,AIYS
AIYTHAN,0,AIYT
AJAESH,0,AJAE
AJARAN,0,AJAR
AJEYAN,0,AJEY
AJIEEV,0,AJIE
AJIJAN,0,AJIJ
AJIRAM,0,AJIR
AJIV,0,AJIV
AJUN,0,AJUN
AJUS,0,AJUS
AKAASH,0,AKAA
AKAESH,0,AKAE
AKAILAN,0,AKAI
AKAVAN,0,AKAV
AKAYAN,0,AKAY
AKELAN,0,AKEL
AKESAH,0,AKES
AKHESH,0,AKHE
AKIMSON,0,AKIM
AKINAASH,0,AKIN
AKISH,0,AKIS
AKITH,0,AKIT
AKKIL,0,AKKI
AKKSHATHAN,0,AKKS
AKLEENEN,0,AKLE
AKNIRAJ,0,AKNI
AKSAI,0,AKSA
AKSUTHAN,0,AKSU
AKTHEESH,0,AKTH
ALADHAR,0,ALAD
ALAZAE,0,ALAZ
ALIGENDRAN,0,ALIG
ALKANAN,0,ALKA
ALLIVILAAN,0,ALLI
ALWIN,0,ALWI
AMATHYAN,0,AMAT
AMAZAN,0,AMAZ
AMEL,0,AMEL
AMESH,0,AMES
AMIETHESH,0,AMIE
AMIZHTHAN,0,AMIZ
AMLESH,0,AMLE
AMMUDHAN,0,AMMU
AMOHAN,0,AMOH
AMPRITHAN,0,AMPR
AMREESH,0,AMRE
AMURTHAN,0,AMUR
ANABHAYAN,0,ANAB
ANAJAN,0,ANAJ
ANAOJ,0,ANAO
ANAPARAN,0,ANAP
ANARAJAN,0,ANAR
ANBHU,0,ANBH
ANBIRKINNIYAN,0,ANBI
ANBOTHAYAN,0,ANBO
ANBZHAGAN,0,ANBZ
ANDAN,0,ANDA
ANDHIKAN,0,ANDH
ANDIKAN,0,ANDI
ANEHAN,0,ANEH
ANEISH,0,ANEI
ANGGESSWAR,0,ANGG
ANHIK,0,ANHI
ANMIKAN,0,ANMI
ANOCH,0,ANOC
ANOGIN,0,ANOG
ANOJ,0,ANOJ
ANOMIKAN,0,ANOM
ANOPAN,0,ANOP
ANORAM,0,ANOR
ANOTH,0,ANOT
ANOYAN,0,ANOY
ANRUSHAN,0,ANRU
ANSON,0,ANSO
